ban,company_name,industry_type,yr111_sales,yr111_purchases,yr111_inventory,yr111_inv_sales_ratio,yr111_inv_purch_ratio,yr111_vat_rate,yr111_tax_paid,yr112_sales,yr112_purchases,yr112_inventory,yr112_inv_sales_ratio,yr112_inv_purch_ratio,yr112_vat_rate,yr112_tax_paid,tax_method
BAN1111,甲申五金批發有限公司,五金批發業,20000000,21000000,45000000,2.2500,2.1429,-0.0500,0,12000000,17000000,58000000,4.8333,3.4118,-0.4167,0,1(一般課稅)
BAN1112,乙酉電子材料行,電子零組件批發業,50000000,52000000,10000000,0.2000,0.1923,-0.0400,0,55000000,58000000,14000000,0.2545,0.2414,-0.0545,0,1(一般課稅)
BAN1113,丙戌國際實業有限公司,金屬製品批發業,0,0,0,0.0000,0.0000,0.0000,0,200000000,197000000,500000,0.0025,0.0025,0.0150,150000,1(一般課稅)
BAN1114,丁亥精密商行,機械器具批發業,18000000,16000000,40000000,2.2222,2.5000,0.1111,100000,19000000,27000000,62000000,3.2632,2.2963,-0.4211,0,1(一般課稅)
BAN1115,丁卯顧問有限公司,管理顧問業,5000000,1000000,0,0.0000,0.0000,0.8000,200000,5500000,20000000,0,0.0000,0.0000,-2.6364,0,1(一般課稅)
BAN1116,戊寅家電批發有限公司,家用電器批發業,36000000,30000000,8000000,0.2222,0.2667,0.1667,300000,36500000,32000000,14400000,0.3945,0.4500,0.1233,225000,1(一般課稅)
BAN1117,己卯開發有限公司,不動產租賃業,8000000,5600000,0,0.0000,0.0000,0.3000,120000,8200000,15000000,0,0.0000,0.0000,-0.8293,0,1(一般課稅)
BAN1118,庚辰貿易有限公司,綜合商品批發業,300000,250000,50000,0.1667,0.2000,0.1667,2500,8000000,6800000,400000,0.0500,0.0588,0.1500,60000,1(一般課稅)
BAN1119,戊辰服飾精品店,服飾品零售業,12000000,8000000,15000000,1.2500,1.8750,0.3333,200000,11000000,9000000,18000000,1.6364,2.0000,0.1818,100000,1(一般課稅)
BAN1120,己巳建材行,建材批發業,30000000,29000000,5000000,0.1667,0.1724,0.0333,50000,32000000,31000000,5000000,0.1562,0.1613,0.0312,50000,1(一般課稅)
BAN1121,庚午餐飲股份有限公司,餐飲業,80000000,30000000,2000000,0.0250,0.0667,0.6250,2500000,48000000,19000000,1300000,0.0271,0.0684,0.6042,1450000,1(一般課稅)
BAN1122,辛未進出口有限公司,國際貿易業,100000000,80000000,10000000,0.1000,0.1250,0.2000,0,120000000,90000000,15000000,0.1250,0.1667,0.2500,0,1(一般課稅)
BAN1123,壬申科技股份有限公司,資訊軟體服務業,15000000,5000000,0,0.0000,0.0000,0.6667,500000,16000000,14000000,0,0.0000,0.0000,0.1250,100000,1(一般課稅)
BAN1124,癸酉文具店,文具零售業,2000000,1200000,300000,0.1500,0.2500,0.4000,20000,2100000,1300000,350000,0.1667,0.2692,0.3810,21000,2(查定課徵)
BAN1125,甲戌便利商店,便利商店業,24000000,17500000,1500000,0.0625,0.0857,0.2708,325000,25000000,18200000,1550000,0.0620,0.0852,0.2720,340000,1(一般課稅)
BAN1126,乙亥工程行,營造業,50000000,40000000,0,0.0000,0.0000,0.2000,500000,55000000,44000000,0,0.0000,0.0000,0.2000,550000,1(一般課稅)
BAN1127,丙子設計工作室,室內設計業,3000000,500000,0,0.0000,0.0000,0.8333,125000,3500000,600000,0,0.0000,0.0000,0.8286,145000,1(一般課稅)
BAN1128,丁丑物流有限公司,汽車貨運業,80000000,60000000,2000000,0.0250,0.0333,0.2500,1000000,85000000,65000000,2200000,0.0259,0.0338,0.2353,1000000,1(一般課稅)
